Model,Accuracy,Precision,Recall,F1-Score,ROC-AUC
Multiple Logistic Regression,0.8848758465011287,0.8932038834951457,0.863849765258216,0.8782816229116945,0.9495407225964483
Decision Tree Classifier,0.9142212189616253,0.8923766816143498,0.9342723004694836,0.9128440366972477,0.9149622371912636
Random Forest Classifier,0.8961625282167043,0.8812785388127854,0.9061032863849765,0.8935185185185185,0.9660542967952643
Naive Bayes,0.7945823927765236,0.9121621621621622,0.6338028169014085,0.7479224376731302,0.8769748928352725
XGBoost Classifier,0.9661399548532731,0.95,0.9812206572769953,0.9653579676674365,0.9939171259440702
